Type	Genomic Coordinate	Base	x1	y1	x2	y2
l			502	507	521	511
l			529	511	541	501
l			456	502	458	514
l			463	500	465	510
l			471	499	473	508
l			479	496	481	506
l			315	634	315	647
l			317	609	316	622
l			339	771	339	780
l			219	977	230	977
l			219	969	230	969
l			219	960	230	960
l			219	914	230	914
l			219	905	230	905
l			219	896	230	896
l			109	949	117	957
l			116	944	123	951
l			122	938	129	945
l			130	929	137	937
l			130	921	135	915
l			144	916	150	922
l			148	910	156	918
l			181	879	188	885
l			187	873	193	879
l			193	866	200	874
l			199	859	206	865
l			214	823	207	830
l			220	829	213	836
l			236	824	243	832
l			243	819	249	825
l			248	812	255	819
l			241	802	235	784
l			234	773	239	755
l			238	726	232	733
l			246	734	239	740
l			251	741	244	748
l			299	724	310	724
l			299	716	310	716
l			298	706	310	706
l			299	698	310	698
l			298	690	310	690
l			299	681	310	681
l			298	668	310	668
l			206	597	206	606
l			214	597	214	608
l			223	597	223	608
l			231	597	231	608
l			239	597	239	608
l			261	597	261	608
l			269	597	269	608
l			278	597	278	608
l			286	597	286	606
l			307	591	312	597
l			313	585	320	593
l			322	577	328	585
l			329	573	333	578
l			336	568	341	575
l			342	562	347	568
l			349	559	354	564
l			356	552	361	558
l			356	363	366	363
l			356	371	366	371
l			357	428	367	428
l			357	437	367	437
l			356	445	367	445
l			356	481	367	481
l			356	488	367	488
l			357	498	367	498
l			357	506	367	506
l			357	515	367	515
l			383	532	389	539
l			403	517	410	524
l			410	512	416	519
l			417	506	424	514
l			424	501	430	508
l			430	495	436	503
l			437	491	443	498
l			427	469	421	456
l			421	456	421	434
l			421	434	427	421
l			197	74	197	82
l			205	74	205	81
l			214	74	214	81
l			243	74	243	82
l			251	74	251	82
l			268	74	268	82
l			276	74	276	82
l			285	74	285	82
l			336	74	336	81
l			372	74	372	82
l			389	74	389	82
l			398	74	398	82
l			348	94	359	94
l			348	103	359	103
l			348	111	359	111
l			348	120	359	120
l			348	129	359	129
l			348	137	359	137
l			368	265	361	273
l			376	270	370	277
l			382	275	374	284
l			408	295	402	301
l			414	299	407	306
l			421	304	416	310
l			428	309	422	316
l			468	153	478	153
l			468	161	478	161
l			468	170	478	170
l			468	178	478	178
l			468	213	478	213
l			468	222	478	222
l			468	236	478	236
l			468	244	478	244
l			468	252	478	252
l			468	261	478	261
l			468	269	478	269
l			468	278	478	278
l			543	348	543	358
l			534	348	534	358
l			525	348	525	358
l			517	348	517	358
l			509	348	509	358
l			491	348	491	358
l			478	378	468	378
l			478	386	468	386
l			478	396	468	396
l			486	410	493	422
l			575	433	575	441
l			567	433	567	441
l			558	433	558	441
l			505	433	505	441
l			497	433	497	441
l			517	474	513	484
l			524	478	521	486
l			532	480	529	488
l			542	483	539	490
l			552	484	547	495
l			563	486	563	495
l			571	486	571	495
l			590	486	590	495
l			599	486	599	495
l			618	486	618	495
l			626	486	626	495
l			635	486	635	495
l			644	486	644	495
l			651	486	651	495
l			660	486	660	495
l			678	486	678	495
l			685	486	685	495
l			695	486	695	495
l			711	481	715	488
l			718	477	724	485
l			726	472	731	479
l			693	359	700	366
l			698	353	706	361
l			681	81	692	81
l			681	74	692	74
l			681	65	692	65
l			709	47	709	57
l			717	47	717	57
l			741	47	741	57
l			751	47	751	57
l			790	47	790	57
l			798	47	798	57
l			806	47	806	57
l			765	107	776	107
l			765	124	776	124
l			765	135	776	135
l			765	144	776	144
l			765	166	776	166
l			765	175	776	175
l			765	188	776	188
l			765	205	776	205
l			765	213	776	213
l			765	224	776	224
l			765	232	776	232
l			765	262	776	262
l			765	270	776	270
l			765	279	776	279
l			765	288	776	288
l			765	296	776	296
l			765	305	776	305
l			765	313	776	313
l			765	347	776	347
l			765	355	776	355
l			765	368	776	368
l			765	377	776	377
l			765	402	776	402
l			765	411	776	411
l			765	419	776	419
l			765	427	776	427
l			819	457	825	464
l			824	450	831	459
l			831	445	838	453
l			837	439	845	448
l			817	613	827	611
l			814	605	825	602
l			812	598	823	593
l			810	589	821	585
l			808	580	818	577
l			805	571	815	569
l			792	523	802	520
l			761	503	779	449
l			756	599	765	593
l			752	591	761	586
l			750	583	757	579
l			744	576	752	571
l			740	569	746	565
l			735	562	744	556
l			731	554	738	550
l			566	859	577	859
l			566	849	577	849
l			566	811	577	811
l			566	803	577	803
l			566	794	577	794
l			566	769	577	769
l			566	759	577	759
l			566	731	577	731
l			566	722	577	722
l			566	713	577	713
l			566	705	577	705
l			566	685	577	685
l			566	676	577	676
l			566	668	577	668
l			566	660	577	660
l			566	651	577	651
l			566	643	577	643
l			566	608	577	608
l			566	591	577	591
l			566	582	577	582
l			566	556	577	556
l			688	593	688	602
l			680	593	680	602
l			671	593	671	602
l			654	593	654	602
l			645	593	645	602
l			636	593	636	602
l			628	593	628	602
l			619	593	619	602
d			488	499
d			348	776
d			225	885
d			172	892
d			305	654
d			361	454
d			361	462
d			393	531
d			400	526
d			400	526
d			260	78
d			294	78
d			302	78
d			499	353
d			550	437
d			513	437
d			582	491
d			609	491
d			735	471
d			770	436
d			770	394
d			770	385
d			770	196
d			770	152
d			724	52
d			733	52
d			770	98
d			770	115
d			805	555
d			808	563
d			765	603
d			571	749
d			571	749
d			571	739
d			571	634
d			571	599
d			571	565
d			662	598
b	648	A	456	530
b	649	A	459	520
b	650	T	464	528
b	651	A	467	516
b	652	G	475	514
b	653	G	483	511
b	654	T	491	510
b	655	T	498	507
b	656	T	525	512
b	657	G	544	499
b	658	G	536	496
b	659	T	527	493
b	660	C	519	491
b	661	C	511	489
b	662	T	501	487
b	663	A	494	487
b	664	G	486	490
b	665	C	478	491
b	666	C	469	494
b	667	T	461	495
b	668	T	454	497
b	669	T	447	501
b	670	C	440	506
b	671	T	435	512
b	672	A	427	517
b	673	T	419	521
b	674	T	414	527
b	675	A	406	533
b	676	G	401	538
b	677	C	393	543
b	678	T	387	550
b	679	C	380	562
b	680	T	365	563
b	681	T	358	569
b	682	A	351	574
b	683	G	345	579
b	684	T	338	584
b	685	A	330	590
b	686	A	324	598
b	687	G	317	601
b	688	A	315	629
b	689	T	316	653
b	690	T	314	667
b	691	A	321	675
b	692	C	315	680
b	693	A	315	690
b	694	C	315	698
b	695	A	323	700
b	696	T	315	706
b	697	G	315	714
b	698	C	316	723
b	699	A	326	736
b	700	A	335	749
b	701	G	340	766
b	702	C	348	766
b	703	A	357	765
b	704	T	365	771
b	705	C	366	781
b	706	C	358	788
b	707	C	348	786
b	708	C	340	786
b	709	G	333	800
b	710	T	325	810
b	711	T	315	819
b	712	C	301	825
b	713	C	287	829
b	714	A	272	825
b	715	G	259	823
b	716	T	253	828
b	717	G	248	835
b	718	A	253	843
b	719	G	256	851
b	720	T	255	860
b	721	T	251	867
b	722	C	244	873
b	723	A	235	878
b	724	C	236	886
b	725	C	237	897
b	726	C	236	905
b	727	T	236	913
b	728	C	240	922
b	729	T	243	932
b	730	A	242	944
b	731	A	239	954
b	732	A	235	962
b	733	T	236	969
b	734	C	236	978
b	735	A	237	986
b	736	C	234	995
b	737	C	226	998
b	738	A	217	995
b	739	C	213	986
b	740	G	214	977
b	741	A	214	969
b	742	T	214	961
b	743	C	210	952
b	744	A	206	943
b	745	A	206	933
b	746	A	210	924
b	747	A	214	915
b	748	G	214	905
b	749	G	214	897
b	750	A	208	891
b	751	A	214	886
b	752	C	214	876
b	753	A	209	870
b	754	A	204	878
b	755	G	198	882
b	756	C	192	890
b	757	A	194	899
b	758	T	187	906
b	759	C	179	900
b	760	A	172	914
b	761	A	159	922
b	762	G	154	927
b	763	C	155	936
b	764	A	148	942
b	765	C	141	941
b	766	G	133	949
b	767	C	127	954
b	768	A	121	962
b	769	G	115	968
b	770	C	105	969
b	771	A	97	962
b	772	A	99	952
b	773	T	106	946
b	774	G	112	939
b	775	C	118	935
b	776	A	119	926
b	777	G	126	925
b	778	C	140	913
b	779	T	146	906
b	780	C	139	899
b	781	A	138	890
b	782	A	142	883
b	783	A	150	880
b	784	A	158	880
b	785	C	167	885
b	786	G	177	874
b	787	C	183	868
b	788	T	189	862
b	789	T	194	854
b	790	A	201	848
b	791	G	209	840
b	792	C	203	834
b	793	C	200	827
b	794	T	199	817
b	795	A	208	815
b	796	G	218	819
b	797	C	225	825
b	798	C	233	820
b	799	A	238	814
b	800	C	244	807
b	801	A	234	780
b	802	C	239	750
b	803	C	235	743
b	804	C	228	737
b	805	C	221	730
b	806	C	219	720
b	807	A	226	715
b	808	C	235	714
b	809	G	243	722
b	810	G	249	729
b	811	G	255	736
b	812	A	262	734
b	813	A	268	730
b	814	A	275	727
b	815	C	281	725
b	816	A	288	724
b	817	G	294	723
b	818	C	294	715
b	819	A	294	707
b	820	G	294	698
b	821	T	294	689
b	822	G	294	681
b	823	A	294	669
b	824	T	294	654
b	825	T	294	645
b	826	A	294	638
b	827	A	294	630
b	828	C	295	621
b	829	C	296	612
b	830	T	287	613
b	831	T	282	622
b	832	T	278	614
b	833	A	270	614
b	834	G	262	614
b	835	C	258	621
b	836	A	250	626
b	837	A	243	622
b	838	T	240	614
b	839	A	231	614
b	840	A	223	614
b	841	A	215	614
b	842	C	207	613
b	843	G	197	613
b	844	A	190	608
b	845	A	190	600
b	846	A	197	591
b	847	G	206	591
b	848	T	214	591
b	849	T	223	591
b	850	T	231	591
b	851	A	239	591
b	852	A	250	589
b	853	C	262	592
b	854	T	270	591
b	855	A	278	592
b	856	A	286	593
b	857	G	296	589
b	858	C	303	586
b	859	T	309	580
b	860	A	311	572
b	861	T	318	573
b	862	A	325	568
b	863	C	332	563
b	864	T	339	557
b	865	A	345	554
b	866	A	352	548
b	867	C	345	544
b	868	C	339	539
b	869	C	338	531
b	870	C	340	523
b	871	A	344	518
b	872	G	351	514
b	873	G	351	506
b	874	G	351	497
b	875	T	351	488
b	876	T	351	480
b	877	G	342	477
b	878	G	334	480
b	879	T	327	477
b	880	C	328	466
b	881	A	334	462
b	882	A	341	460
b	883	T	351	461
b	884	T	351	454
b	885	T	351	446
b	886	C	351	437
b	887	G	351	429
b	888	T	341	422
b	889	G	334	412
b	890	C	331	400
b	891	C	334	389
b	892	A	340	379
b	893	G	350	371
b	894	C	350	362
b	895	C	344	358
b	896	A	352	349
b	897	C	361	345
b	898	C	371	348
b	899	G	372	362
b	900	C	372	371
b	901	G	380	375
b	902	G	387	383
b	903	T	391	390
b	904	C	393	400
b	905	A	391	410
b	906	C	387	418
b	907	A	380	425
b	908	C	373	428
b	909	G	373	437
b	910	A	373	446
b	911	T	373	454
b	912	T	373	463
b	913	A	373	481
b	914	A	373	489
b	915	C	373	499
b	916	C	373	506
b	917	C	373	514
b	918	A	373	524
b	919	A	373	533
b	920	G	381	528
b	921	T	388	522
b	922	C	394	516
b	923	A	400	512
b	924	A	405	507
b	925	T	413	501
b	926	A	420	497
b	927	G	427	491
b	928	A	433	487
b	929	A	429	475
b	930	G	431	416
b	931	C	439	407
b	932	C	452	398
b	933	G	462	395
b	934	G	462	387
b	935	C	462	378
b	936	G	462	369
b	937	T	454	368
b	938	A	445	362
b	939	A	438	354
b	940	A	432	346
b	941	G	428	336
b	942	A	425	327
b	943	G	419	321
b	944	T	413	316
b	945	G	405	312
b	946	T	398	307
b	947	T	389	308
b	948	T	379	305
b	949	T	373	297
b	950	A	372	288
b	951	G	366	282
b	952	A	358	276
b	953	T	352	270
b	954	C	346	263
b	955	A	340	255
b	956	C	336	246
b	957	C	333	237
b	958	C	329	229
b	959	C	327	219
b	960	C	326	210
b	961	T	324	200
b	962	C	325	190
b	963	C	326	181
b	964	C	327	171
b	965	C	330	162
b	966	A	333	155
b	967	A	338	146
b	968	T	342	138
b	969	A	342	129
b	970	A	342	121
b	971	A	342	112
b	972	G	342	103
b	973	C	342	94
b	974	T	336	88
b	975	A	327	90
b	976	A	319	93
b	977	A	310	93
b	978	A	302	90
b	979	C	293	90
b	980	T	285	90
b	981	C	277	90
b	982	A	268	90
b	983	C	260	90
b	984	C	251	90
b	985	T	242	90
b	986	G	234	94
b	987	A	223	95
b	988	G	215	88
b	989	T	205	88
b	990	T	197	89
b	991	G	189	92
b	992	T	181	89
b	993	A	175	84
b	994	A	175	75
b	995	A	180	68
b	996	A	188	65
b	997	A	197	69
b	998	A	205	69
b	999	C	215	69
b	1000	T	220	60
b	1001	C	228	58
b	1002	C	237	61
b	1003	A	243	69
b	1004	G	251	69
b	1005	T	259	69
b	1006	T	267	69
b	1007	G	277	69
b	1008	A	285	69
b	1009	C	292	69
b	1010	A	302	69
b	1011	C	311	64
b	1012	A	320	66
b	1013	A	327	69
b	1014	A	335	69
b	1015	A	339	61
b	1016	T	346	54
b	1017	A	354	53
b	1018	G	362	55
b	1019	A	368	61
b	1020	C	372	67
b	1021	T	381	61
b	1022	A	389	68
b	1023	C	398	68
b	1024	G	407	67
b	1025	A	413	74
b	1026	A	414	84
b	1027	A	407	90
b	1028	G	398	89
b	1029	T	389	89
b	1030	G	371	89
b	1031	G	364	94
b	1032	C	364	103
b	1033	T	364	112
b	1034	T	364	121
b	1035	T	364	129
b	1036	A	364	138
b	1037	A	371	157
b	1038	C	376	177
b	1039	A	378	198
b	1040	T	379	219
b	1041	A	376	241
b	1042	T	371	259
b	1043	C	378	265
b	1044	T	386	270
b	1045	G	393	266
b	1046	A	402	268
b	1047	A	408	274
b	1048	C	412	282
b	1049	A	410	290
b	1050	C	418	294
b	1051	A	424	299
b	1052	C	431	305
b	1053	A	438	310
b	1054	A	441	301
b	1055	T	446	293
b	1056	A	454	283
b	1057	G	463	278
b	1058	C	463	270
b	1059	T	463	261
b	1060	A	463	253
b	1061	A	463	245
b	1062	G	463	236
b	1063	A	456	236
b	1064	C	450	229
b	1065	C	456	223
b	1066	C	463	222
b	1067	A	462	214
b	1068	A	456	206
b	1069	A	454	197
b	1070	C	456	186
b	1071	T	463	178
b	1072	G	463	170
b	1073	G	463	161
b	1074	G	463	153
b	1075	A	456	146
b	1076	T	454	135
b	1077	T	456	126
b	1078	A	463	120
b	1079	G	473	117
b	1080	A	482	120
b	1081	T	490	126
b	1082	A	492	135
b	1083	C	490	145
b	1084	C	484	153
b	1085	C	484	162
b	1086	C	484	170
b	1087	A	484	179
b	1088	C	490	186
b	1089	T	491	197
b	1090	A	489	206
b	1091	T	484	213
b	1092	G	484	222
b	1093	C	484	236
b	1094	T	484	243
b	1095	T	484	253
b	1096	A	484	261
b	1097	G	484	269
b	1098	C	484	278
b	1099	C	493	279
b	1100	C	501	283
b	1101	T	507	287
b	1102	A	512	295
b	1103	A	514	304
b	1104	A	514	311
b	1105	C	512	319
b	1106	C	507	325
b	1107	T	500	330
b	1108	C	492	333
b	1109	A	492	343
b	1110	A	500	343
b	1111	C	510	343
b	1112	A	517	343
b	1113	G	525	343
b	1114	T	534	343
b	1115	T	543	343
b	1116	A	548	336
b	1117	A	558	333
b	1118	A	568	334
b	1119	T	576	339
b	1120	C	580	348
b	1121	A	580	359
b	1122	A	576	367
b	1123	C	568	373
b	1124	A	558	374
b	1125	A	549	371
b	1126	A	542	364
b	1127	A	534	364
b	1128	C	525	364
b	1129	T	517	364
b	1130	G	510	364
b	1131	C	500	364
b	1132	T	492	364
b	1133	C	483	369
b	1134	G	483	378
b	1135	C	483	386
b	1136	C	483	395
b	1137	A	483	405
b	1138	G	497	425
b	1139	A	505	427
b	1140	A	514	427
b	1141	C	516	420
b	1142	A	521	410
b	1143	C	529	406
b	1144	T	537	407
b	1145	A	542	409
b	1146	C	548	417
b	1147	G	550	425
b	1148	A	558	425
b	1149	G	567	425
b	1150	C	576	425
b	1151	C	585	425
b	1152	A	590	432
b	1153	C	590	441
b	1154	A	584	448
b	1155	G	577	448
b	1156	C	568	448
b	1157	T	559	448
b	1158	T	550	448
b	1159	A	544	456
b	1160	A	537	460
b	1161	A	528	460
b	1162	A	520	458
b	1163	C	515	448
b	1164	T	506	448
b	1165	C	498	448
b	1166	A	500	456
b	1167	A	506	461
b	1168	A	510	467
b	1169	G	518	470
b	1170	G	526	473
b	1171	A	533	476
b	1172	C	543	479
b	1173	C	554	480
b	1174	T	563	480
b	1175	G	571	480
b	1176	G	582	480
b	1177	C	591	480
b	1178	G	599	480
b	1179	G	606	473
b	1180	T	610	480
b	1181	G	618	480
b	1182	C	627	480
b	1183	T	635	480
b	1184	T	644	480
b	1185	C	652	480
b	1186	A	660	480
b	1187	T	665	472
b	1188	A	670	466
b	1189	T	674	471
b	1190	C	678	480
b	1191	C	686	480
b	1192	C	694	480
b	1193	T	701	478
b	1194	C	708	475
b	1195	T	715	471
b	1196	A	722	467
b	1197	G	730	461
b	1198	A	736	458
b	1199	G	748	447
b	1200	G	760	436
b	1201	A	760	428
b	1202	G	760	419
b	1203	C	760	410
b	1204	C	760	402
b	1205	T	760	393
b	1206	G	760	385
b	1207	T	760	376
b	1208	T	760	368
b	1209	C	760	355
b	1210	T	760	346
b	1211	G	751	351
b	1212	T	742	352
b	1213	A	731	355
b	1214	A	721	353
b	1215	T	715	358
b	1216	C	710	364
b	1217	G	704	370
b	1218	A	703	381
b	1219	T	696	387
b	1220	A	687	391
b	1221	A	677	389
b	1222	A	671	383
b	1223	C	669	372
b	1224	C	672	362
b	1225	C	680	357
b	1226	C	689	355
b	1227	G	695	349
b	1228	A	702	342
b	1229	T	707	337
b	1230	C	706	328
b	1231	A	707	319
b	1232	A	711	312
b	1233	C	718	304
b	1234	C	727	300
b	1235	T	736	299
b	1236	C	746	301
b	1237	A	752	309
b	1238	C	760	313
b	1239	C	760	304
b	1240	A	760	296
b	1241	C	760	287
b	1242	C	760	279
b	1243	T	760	270
b	1244	C	760	261
b	1245	T	751	261
b	1246	T	743	261
b	1247	G	737	255
b	1248	C	737	247
b	1249	T	743	241
b	1250	C	752	241
b	1251	A	760	242
b	1252	G	760	232
b	1253	C	760	224
b	1254	C	753	218
b	1255	T	760	213
b	1256	A	760	205
b	1257	T	760	196
b	1258	A	760	188
b	1259	T	752	186
b	1260	A	752	177
b	1261	C	760	174
b	1262	C	760	166
b	1263	G	760	152
b	1264	C	760	143
b	1265	C	760	134
b	1266	A	760	125
b	1267	T	760	115
b	1268	C	760	107
b	1269	T	760	98
b	1270	T	757	89
b	1271	C	757	80
b	1272	A	757	73
b	1273	G	751	62
b	1274	C	743	62
b	1275	A	734	62
b	1276	A	725	62
b	1277	A	717	62
b	1278	C	709	62
b	1279	C	697	64
b	1280	C	697	73
b	1281	T	697	81
b	1282	G	699	90
b	1283	A	695	99
b	1284	T	685	101
b	1285	G	678	98
b	1286	A	673	91
b	1287	A	676	83
b	1288	G	676	73
b	1289	G	676	64
b	1290	C	672	57
b	1291	T	670	47
b	1292	A	672	40
b	1293	C	680	32
b	1294	A	687	30
b	1295	A	696	31
b	1296	A	703	34
b	1297	G	709	41
b	1298	T	717	41
b	1299	A	725	41
b	1300	A	734	41
b	1301	G	743	41
b	1302	C	752	41
b	1303	G	756	34
b	1304	C	763	29
b	1305	A	770	28
b	1306	A	779	30
b	1307	G	785	34
b	1308	T	790	42
b	1309	A	798	42
b	1310	C	808	42
b	1311	C	817	42
b	1312	C	824	48
b	1313	A	823	59
b	1314	C	817	64
b	1315	G	807	64
b	1316	T	799	64
b	1317	A	790	64
b	1318	A	783	64
b	1319	A	783	73
b	1320	G	783	80
b	1321	A	783	90
b	1322	C	781	98
b	1323	G	781	107
b	1324	T	781	115
b	1325	T	781	123
b	1326	A	787	130
b	1327	G	781	135
b	1328	G	781	143
b	1329	T	781	151
b	1330	C	789	152
b	1331	A	793	160
b	1332	A	789	167
b	1333	G	781	167
b	1334	G	781	175
b	1335	T	781	187
b	1336	G	781	196
b	1337	T	781	204
b	1338	A	781	214
b	1339	G	781	224
b	1340	C	781	233
b	1341	C	789	236
b	1342	C	793	243
b	1343	A	793	252
b	1344	T	789	258
b	1345	G	781	262
b	1346	A	781	271
b	1347	G	781	279
b	1348	G	781	288
b	1349	T	781	296
b	1350	G	781	304
b	1351	G	781	313
b	1352	C	788	324
b	1353	A	787	337
b	1354	A	780	348
b	1355	G	782	355
b	1356	A	787	362
b	1357	A	780	369
b	1358	A	780	377
b	1359	T	780	385
b	1360	G	780	394
b	1361	G	780	402
b	1362	G	780	410
b	1363	C	780	419
b	1364	T	780	427
b	1365	A	780	437
b	1366	C	780	444
b	1367	A	790	444
b	1368	T	800	445
b	1369	T	807	446
b	1370	T	814	451
b	1371	T	821	446
b	1372	C	829	441
b	1373	T	835	435
b	1374	A	841	431
b	1375	C	850	426
b	1376	C	858	430
b	1377	C	860	439
b	1378	C	855	446
b	1379	A	848	453
b	1380	G	841	457
b	1381	A	834	464
b	1382	A	827	469
b	1383	A	830	477
b	1384	A	829	488
b	1385	C	826	496
b	1386	T	821	503
b	1387	A	815	512
b	1388	C	808	519
b	1389	G	813	525
b	1390	A	815	534
b	1391	T	818	542
b	1392	A	817	553
b	1393	G	819	560
b	1394	C	821	568
b	1395	C	823	576
b	1396	C	826	584
b	1397	T	828	591
b	1398	T	830	600
b	1399	A	832	610
b	1400	T	839	615
b	1401	G	842	625
b	1402	A	838	635
b	1403	A	830	640
b	1404	A	820	640
b	1405	C	812	633
b	1406	T	809	624
b	1407	T	812	614
b	1408	A	809	607
b	1409	A	807	599
b	1410	G	805	590
b	1411	G	803	582
b	1412	G	801	574
b	1413	T	798	565
b	1414	C	795	558
b	1415	G	790	551
b	1416	A	787	543
b	1417	A	784	535
b	1418	G	787	525
b	1419	G	776	522
b	1420	T	766	515
b	1421	G	758	508
b	1422	G	752	498
b	1423	A	749	488
b	1424	T	748	476
b	1425	T	741	480
b	1426	T	734	485
b	1427	A	726	490
b	1428	G	720	493
b	1429	C	728	500
b	1430	A	734	509
b	1431	G	740	516
b	1432	T	743	525
b	1433	A	744	537
b	1434	A	746	547
b	1435	A	749	555
b	1436	C	753	561
b	1437	T	757	568
b	1438	A	761	577
b	1439	A	765	584
b	1440	G	770	590
b	1441	A	775	597
b	1442	G	782	602
b	1443	T	785	610
b	1444	A	784	619
b	1445	G	778	625
b	1446	A	769	629
b	1447	G	761	624
b	1448	T	756	617
b	1449	G	755	609
b	1450	C	752	601
b	1451	T	747	593
b	1452	T	743	585
b	1453	A	739	580
b	1454	G	735	571
b	1455	T	730	564
b	1456	T	726	556
b	1457	G	717	552
b	1458	A	709	546
b	1459	A	701	536
b	1460	C	696	525
b	1461	A	694	514
b	1462	G	695	502
b	1463	G	687	502
b	1464	G	679	502
b	1465	C	678	510
b	1466	C	670	514
b	1467	C	662	510
b	1468	T	661	502
b	1469	G	653	502
b	1470	A	644	502
b	1471	A	635	502
b	1472	G	627	502
b	1473	C	619	502
b	1474	G	611	502
b	1475	C	600	502
b	1476	G	591	502
b	1477	T	582	502
b	1478	A	577	508
b	1479	C	572	502
b	1480	A	563	502
b	1481	C	559	510
b	1482	A	558	522
b	1483	C	559	533
b	1484	C	559	544
b	1485	G	562	556
b	1486	C	562	564
b	1487	C	558	574
b	1488	C	562	582
b	1489	G	562	591
b	1490	T	562	599
b	1491	C	562	607
b	1492	A	554	616
b	1493	C	554	624
b	1494	C	562	635
b	1495	C	562	643
b	1496	T	561	651
b	1497	C	562	660
b	1498	C	562	668
b	1499	T	561	676
b	1500	C	562	685
b	1501	A	553	689
b	1502	A	550	696
b	1503	G	554	702
b	1504	T	562	704
b	1505	A	561	714
b	1506	T	561	722
b	1507	A	561	732
b	1508	C	561	740
b	1509	T	561	749
b	1510	T	561	757
b	1511	C	561	768
b	1512	A	556	778
b	1513	A	556	787
b	1514	A	562	796
b	1515	G	562	803
b	1516	G	562	811
b	1517	A	555	818
b	1518	C	550	825
b	1519	A	550	835
b	1520	T	554	842
b	1521	T	561	848
b	1522	T	561	857
b	1523	A	559	869
b	1524	A	561	878
b	1525	C	572	881
b	1526	T	583	876
b	1527	A	587	869
b	1528	A	582	859
b	1529	A	582	849
b	1530	A	588	843
b	1531	C	593	832
b	1532	C	590	820
b	1533	C	583	811
b	1534	C	583	803
b	1535	T	583	794
b	1536	A	587	787
b	1537	C	588	777
b	1538	G	582	768
b	1539	C	589	764
b	1540	A	582	757
b	1541	T	582	749
b	1542	T	582	740
b	1543	T	582	732
b	1544	A	582	722
b	1545	T	582	714
b	1546	A	582	704
b	1547	T	592	699
b	1548	A	591	690
b	1549	G	582	685
b	1550	A	582	677
b	1551	G	582	668
b	1552	G	582	660
b	1553	A	582	652
b	1554	G	582	643
b	1555	A	582	635
b	1556	C	589	630
b	1557	A	593	622
b	1558	A	590	614
b	1559	G	583	608
b	1560	T	583	598
b	1561	C	583	591
b	1562	G	583	582
b	1563	T	589	578
b	1564	A	589	571
b	1565	A	582	565
b	1566	C	583	556
b	1567	A	590	548
b	1568	T	601	546
b	1569	G	612	557
b	1570	G	612	571
b	1571	T	612	587
b	1572	A	620	587
b	1573	A	629	587
b	1574	G	637	587
b	1575	T	646	587
b	1576	G	655	587
b	1577	T	663	587
b	1578	A	671	587
b	1579	C	681	587
b	1580	T	689	587
b	1581	G	698	587
b	1582	G	705	593
b	1583	A	704	603
b	1584	A	698	609
b	1585	A	688	609
b	1586	G	681	609
b	1587	T	671	609
b	1588	G	663	609
b	1589	C	654	609
b	1590	A	645	609
b	1591	C	637	609
b	1592	T	629	609
b	1593	T	620	609
b	1594	G	612	609
b	1595	G	612	618
b	1596	A	612	628
b	1597	C	612	636
b	1598	G	612	644
b	1599	A	612	654
b	1600	A	612	661
b	1601	C	612	670











